Approach,Model,Config,Accuracy,ErrorRate,Sensitivity,Specificity,PPV,NPV,F1,CM
Feature Reduction,RandomForestClassifier,"Dict{Symbol, Any}(:rng => MersenneTwister(1234, (0, 2429484, 2420958, 229, 2428230, 487)), :n_trees => 100, :max_depth => -1)",0.4365,0.5635,0.430144,0.720326,0.4365,0.71732754,0.42984712,Float32[987.0 527.0 439.0; 525.0 1074.0 473.0; 674.0 743.0 558.0]
Feature Reduction,DecisionTreeClassifier,"Dict{Symbol, Any}(:rng => MersenneTwister(1234, (0, 2451804, 2449548, 27, 2450550, 652)), :min_samples_leaf => 20, :max_depth => 7)",0.40766665,0.5923333,0.40095627,0.70751375,0.40766665,0.70170283,0.38781783,Float32[978.0 696.0 279.0; 656.0 1124.0 292.0; 767.0 864.0 344.0]
Feature Reduction,KNeighborsClassifier,Dict(:n_neighbors => 7),0.44316667,0.5568333,0.4395751,0.7234312,0.44316667,0.7191018,0.4368639,Float32[861.0 634.0 458.0; 381.0 1194.0 497.0; 550.0 821.0 604.0]
Feature Reduction,SVC,"Dict{Symbol, Any}(:cost => 0.1, :kernel => ""linear"")",0.43083334,0.56916666,0.42343625,0.71825725,0.43083334,0.7148809,0.42193052,Float32[1012.0 515.0 426.0; 578.0 1066.0 428.0; 741.0 727.0 507.0]
Feature Reduction,CatBoostClassifier,"Dict{Symbol, Real}(:learning_rate => 0.1, :iterations => 40, :depth => 6)",0.4275,0.5725,0.41649598,0.7190068,0.4275,0.7114171,0.40592164,Float32[1008.0 655.0 290.0; 569.0 1206.0 297.0; 741.0 883.0 351.0]
Feature Reduction,AdaBoostClassifier,"Dict{Symbol, Any}(:learning_rate => 1.0, :rng => MersenneTwister(1234, (0, 2475630, 2449548, 761, 2474376, 514)), :n_estimators => 100)",0.41183335,0.58816665,0.40725726,0.70702666,0.41183335,0.7051645,0.40837786,Float32[872.0 550.0 531.0; 494.0 1016.0 562.0; 670.0 722.0 583.0]
Feature Reduction,ANN,"Dict{Symbol, Any}(:maxEpochs => 200, :maxEpochsVal => 20, :topology => [128, 64], :learningRate => 0.001, :numExecutions => 1, :validationRatio => 0.2)",0.25233334,0.74766666,0.26486802,0.621985,0.25233334,0.62538296,0.2559886,Float32[469.0 1000.0 484.0; 1105.0 500.0 467.0; 757.0 673.0 545.0]
